filepath,category,in_degree,out_degree,in_degree_centrality,out_degree_centrality,betweenness,pagerank
analysis/gbm_diagnostics.py,ORPHAN,0,1,0.0,0.008547008547008548,0.0,0
analyze_backtest_pickle.py,TEST,0,0,0.0,0.0,0.0,0
analyze_feature_variance.py,ROOT_CLUTTER,0,2,0.0,0.017094017094017096,0.0,0
app.py,ROOT_CLUTTER,0,5,0.0,0.042735042735042736,0.0,0
audit_tools/audit_core/__init__.py,ORPHAN,0,0,0.0,0.0,0.0,0
audit_tools/audit_core/categorizer.py,ORPHAN,0,0,0.0,0.0,0.0,0
audit_tools/audit_core/dependency_graph.py,ORPHAN,0,0,0.0,0.0,0.0,0
audit_tools/audit_core/file_discovery.py,ORPHAN,0,0,0.0,0.0,0.0,0
audit_tools/audit_core/import_analyzer.py,ORPHAN,0,0,0.0,0.0,0.0,0
audit_tools/audit_core/model_analyzer.py,ORPHAN,0,0,0.0,0.0,0.0,0
audit_tools/audit_core/report_generator.py,ORPHAN,0,0,0.0,0.0,0.0,0
audit_tools/audit_tests/__init__.py,TEST,0,0,0.0,0.0,0.0,0
audit_tools/run_audit.py,ORPHAN,0,0,0.0,0.0,0.0,0
autonomous_loop.py,ROOT_CLUTTER,0,0,0.0,0.0,0.0,0
check_gbm_health.py,ROOT_CLUTTER,0,1,0.0,0.008547008547008548,0.0,0
data/augmentation.py,UNKNOWN,2,0,0.017094017094017096,0.0,0.0,0
data/cache_manager.py,UNKNOWN,21,4,0.17948717948717952,0.03418803418803419,0.004454022988505747,0
data/data_fetcher.py,CORE_DATA_PIPELINE,22,0,0.18803418803418806,0.0,0.0,0
data/feature_engineer.py,DEPRECATED,32,4,0.27350427350427353,0.03418803418803419,0.014073091659298554,0
data/news_fetcher.py,UNKNOWN,3,0,0.025641025641025644,0.0,0.0,0
data/regime_tests.py,ORPHAN,0,1,0.0,0.008547008547008548,0.0,0
data/sentiment_analyzer.py,UNKNOWN,1,0,0.008547008547008548,0.0,0.0,0
data/sentiment_features.py,UNKNOWN,1,3,0.008547008547008548,0.025641025641025644,0.0030946065428824046,0
data/support_resistance_features.py,UNKNOWN,1,0,0.008547008547008548,0.0,0.0,0
data/target_balancing.py,UNKNOWN,2,0,0.017094017094017096,0.0,0.0,0
data/target_engineering.py,UNKNOWN,12,0,0.10256410256410257,0.0,0.0,0
data/tft_dataset_builder.py,UNKNOWN,1,1,0.008547008547008548,0.008547008547008548,0.0,0
data/volatility_features.py,UNKNOWN,2,0,0.017094017094017096,0.0,0.0,0
data/vpi_tests.py,ORPHAN,0,1,0.0,0.008547008547008548,0.0,0
debug_gpu.py,ROOT_CLUTTER,0,0,0.0,0.0,0.0,0
diagnose_regressor.py,ROOT_CLUTTER,0,0,0.0,0.0,0.0,0
evaluation/advanced_backtester.py,UNKNOWN,3,0,0.025641025641025644,0.0,0.0,0
evaluation/backtest_dashboard.py,TEST,1,0,0.008547008547008548,0.0,0.0,0
evaluation/backtest_visualization.py,TEST,0,3,0.0,0.025641025641025644,0.0,0
evaluation/model_diagnostics.py,UNKNOWN,1,0,0.008547008547008548,0.0,0.0,0
evaluation/position_heatmap.py,UNKNOWN,1,0,0.008547008547008548,0.0,0.0,0
evaluation/quantile_evaluation.py,ORPHAN,0,0,0.0,0.0,0.0,0
inference/__init__.py,ORPHAN,0,0,0.0,0.0,0.0,0
inference/confidence_scorer.py,UNKNOWN,1,0,0.008547008547008548,0.0,0.0,0
inference/horizon_weighting.py,UNKNOWN,1,0,0.008547008547008548,0.0,0.0,0
inference/hybrid_predictor.py,UNKNOWN,1,7,0.008547008547008548,0.05982905982905984,0.001326259946949602,0
inference/load_gbm_models.py,UNKNOWN,4,0,0.03418803418803419,0.0,0.0,0
inference/model_validator.py,UNKNOWN,1,0,0.008547008547008548,0.0,0.0,0
inference/predict_ensemble.py,CORE_INFERENCE,2,2,0.017094017094017096,0.017094017094017096,0.0006999705275567345,0
inference/predict_multiday.py,CORE_INFERENCE,0,2,0.0,0.017094017094017096,0.0,0
inference/predict_tft.py,CORE_INFERENCE,2,3,0.017094017094017096,0.025641025641025644,0.0007368110816386678,0
inference/quantile_ensemble_inference.py,ORPHAN,0,1,0.0,0.008547008547008548,0.0,0
inference/rl_position_sizer.py,ORPHAN,0,0,0.0,0.0,0.0,0
inference/stacking_inference.py,ORPHAN,0,0,0.0,0.0,0.0,0
inference_and_backtest.py,CORE_INFERENCE,0,15,0.0,0.12820512820512822,0.0,0
model_validation_suite.py,ROOT_CLUTTER,0,6,0.0,0.05128205128205129,0.0,0
models/__init__.py,ORPHAN,0,0,0.0,0.0,0.0,0
models/lstm_transformer_paper.py,UNKNOWN,7,0,0.05982905982905984,0.0,0.0,0
models/patchtst.py,UNKNOWN,4,0,0.03418803418803419,0.0,0.0,0
models/quantile_regressor.py,UNKNOWN,2,0,0.017094017094017096,0.0,0.0,0
orchestrate_training.py,ROOT_CLUTTER,0,0,0.0,0.0,0.0,0
run_complete_pipeline.py,ROOT_CLUTTER,0,3,0.0,0.025641025641025644,0.0,0
scripts/auto_experiment_runner.py,UTILITY,0,3,0.0,0.025641025641025644,0.0,0
scripts/backtest_gbm_only.py,TEST,0,3,0.0,0.025641025641025644,0.0,0
scripts/batch_train_models.py,CORE_TRAINING,0,0,0.0,0.0,0.0,0
scripts/check_numpy.py,UTILITY,0,0,0.0,0.0,0.0,0
scripts/diag_imports.py,UTILITY,0,0,0.0,0.0,0.0,0
scripts/diag_symbol.py,UTILITY,0,4,0.0,0.03418803418803419,0.0,0
scripts/diagnose_position_sizing.py,UTILITY,0,0,0.0,0.0,0.0,0
scripts/evaluate.py,UTILITY,0,0,0.0,0.0,0.0,0
scripts/generate_final_report.py,UTILITY,0,0,0.0,0.0,0.0,0
scripts/optimize_hyperparams.py,UTILITY,0,4,0.0,0.03418803418803419,0.0,0
scripts/refresh_cache_for_147.py,UTILITY,0,2,0.0,0.017094017094017096,0.0,0
scripts/run_comprehensive_backtests.py,UTILITY,0,0,0.0,0.0,0.0,0
scripts/run_feature_selection.py,UTILITY,0,4,0.0,0.03418803418803419,0.0,0
scripts/statistical_comparison.py,UTILITY,0,0,0.0,0.0,0.0,0
scripts/test_cache_system.py,TEST,0,2,0.0,0.017094017094017096,0.0,0
scripts/test_fetch_vix.py,TEST,0,1,0.0,0.008547008547008548,0.0,0
scripts/test_v31_migration.py,TEST,0,5,0.0,0.042735042735042736,0.0,0
scripts/tft_checkpoint_inspect.py,UTILITY,0,1,0.0,0.008547008547008548,0.0,0
scripts/validate_feature_consistency.py,UTILITY,0,2,0.0,0.017094017094017096,0.0,0
scripts/validate_pipeline.py,UTILITY,1,4,0.008547008547008548,0.03418803418803419,0.00014736221632773356,0
service/model_registry.py,UNKNOWN,1,0,0.008547008547008548,0.0,0.0,0
service/prediction_service.py,UNKNOWN,1,0,0.008547008547008548,0.0,0.0,0
test_bear_market_msft.py,TEST,0,0,0.0,0.0,0.0,0
test_compute_hybrid.py,TEST,0,0,0.0,0.0,0.0,0
test_diverse_universe.py,TEST,0,0,0.0,0.0,0.0,0
test_feature_count.py,TEST,0,1,0.0,0.008547008547008548,0.0,0
test_phase4_features.py,TEST,0,2,0.0,0.017094017094017096,0.0,0
tests/test_augmentation.py,TEST,0,1,0.0,0.008547008547008548,0.0,0
tests/test_data_integrity.py,TEST,0,0,0.0,0.0,0.0,0
tests/test_feature_selection.py,TEST,0,1,0.0,0.008547008547008548,0.0,0
tests/test_model_diagnostics.py,TEST,0,1,0.0,0.008547008547008548,0.0,0
tests/test_target_balancing.py,TEST,0,1,0.0,0.008547008547008548,0.0,0
tests/test_target_distribution.py,TEST,0,1,0.0,0.008547008547008548,0.0,0
tft_loader.py,ROOT_CLUTTER,0,0,0.0,0.0,0.0,0
training/feature_selection.py,CORE_DATA_PIPELINE,3,3,0.025641025641025644,0.025641025641025644,0.0005894488653109342,0
training/generate_oof_predictions.py,EXPERIMENTAL,0,4,0.0,0.03418803418803419,0.0,0
training/optimize_thresholds.py,ORPHAN,0,0,0.0,0.0,0.0,0
training/rolling_cv.py,UNKNOWN,1,0,0.008547008547008548,0.0,0.0,0
training/train_1d_regressor_final.py,CORE_TRAINING,3,10,0.025641025641025644,0.08547008547008547,0.002501473622163277,0
training/train_binary_classifiers_final.py,CORE_TRAINING,2,7,0.017094017094017096,0.05982905982905984,0.0007331270262304744,0
training/train_gbm_baseline.py,CORE_TRAINING,0,4,0.0,0.03418803418803419,0.0,0
training/train_meta_learner.py,CORE_TRAINING,0,0,0.0,0.0,0.0,0
training/train_multiple_symbols.py,CORE_TRAINING,0,2,0.0,0.017094017094017096,0.0,0
training/train_quantile_regressor.py,CORE_TRAINING,1,6,0.008547008547008548,0.05128205128205129,0.0002910403772472738,0
training/train_smart_regressor.py,CORE_TRAINING,0,4,0.0,0.03418803418803419,0.0,0
training/train_tft.py,CORE_TRAINING,2,5,0.017094017094017096,0.042735042735042736,0.0003831417624521073,0
training/train_with_tft.py,CORE_TRAINING,1,5,0.008547008547008548,0.042735042735042736,0.0008841732979664014,0
training/tune_hyperparameters.py,ORPHAN,0,3,0.0,0.025641025641025644,0.0,0
utils/__init__.py,UTILITY,0,2,0.0,0.017094017094017096,0.0,0
utils/balanced_generator.py,UTILITY,0,0,0.0,0.0,0.0,0
utils/diagnostics.py,UTILITY,0,0,0.0,0.0,0.0,0
utils/ensemble_calibration.py,UTILITY,0,0,0.0,0.0,0.0,0
utils/feature_selection.py,UTILITY,0,0,0.0,0.0,0.0,0
utils/losses.py,UTILITY,4,0,0.03418803418803419,0.0,0.0,0
utils/model_io.py,UTILITY,1,1,0.008547008547008548,0.008547008547008548,0.0,0
utils/model_paths.py,UTILITY,10,0,0.08547008547008547,0.0,0.0,0
utils/training_logger.py,CORE_TRAINING,2,0,0.017094017094017096,0.0,0.0,0
utils/ts_augment.py,UTILITY,0,0,0.0,0.0,0.0,0
verify_alignment_implementation.py,ROOT_CLUTTER,0,0,0.0,0.0,0.0,0
verify_error_handling.py,ROOT_CLUTTER,0,0,0.0,0.0,0.0,0
verify_validation_updates.py,ROOT_CLUTTER,0,0,0.0,0.0,0.0,0
