absolute_path,relative_path,filename,extension,file_type,size_bytes,size_mb,created_date,modified_date,category,confidence,rules_matched,needs_review
/home/thunderboltdy/ai-stocks/python-ai-service/data/augmentation.py,data/augmentation.py,augmentation.py,.py,PYTHON_SOURCE,22088,0.0211,2025-12-15T16:26:43.011228,2025-12-15T16:26:43.011228,UNKNOWN,0.0,[],True
/home/thunderboltdy/ai-stocks/python-ai-service/data/cache_manager.py,data/cache_manager.py,cache_manager.py,.py,PYTHON_SOURCE,22287,0.0213,2025-12-15T23:24:27.943875,2025-12-15T23:24:27.943875,UNKNOWN,0.0,[],True
/home/thunderboltdy/ai-stocks/python-ai-service/data/news_fetcher.py,data/news_fetcher.py,news_fetcher.py,.py,PYTHON_SOURCE,21988,0.021,2025-12-14T20:14:31.109837,2025-12-14T20:14:31.109837,UNKNOWN,0.0,[],True
/home/thunderboltdy/ai-stocks/python-ai-service/data/sentiment_analyzer.py,data/sentiment_analyzer.py,sentiment_analyzer.py,.py,PYTHON_SOURCE,19418,0.0185,2025-12-14T20:14:31.117973,2025-12-14T20:14:31.117973,UNKNOWN,0.0,[],True
/home/thunderboltdy/ai-stocks/python-ai-service/data/sentiment_features.py,data/sentiment_features.py,sentiment_features.py,.py,PYTHON_SOURCE,51904,0.0495,2025-12-18T00:43:20.348587,2025-12-18T00:43:20.348587,UNKNOWN,0.0,[],True
/home/thunderboltdy/ai-stocks/python-ai-service/data/support_resistance_features.py,data/support_resistance_features.py,support_resistance_features.py,.py,PYTHON_SOURCE,6217,0.0059,2025-12-19T13:06:24.015210,2025-12-19T13:06:24.015210,UNKNOWN,0.0,[],True
/home/thunderboltdy/ai-stocks/python-ai-service/data/target_balancing.py,data/target_balancing.py,target_balancing.py,.py,PYTHON_SOURCE,20848,0.0199,2025-12-14T20:14:31.122041,2025-12-14T20:14:31.122041,UNKNOWN,0.0,[],True
/home/thunderboltdy/ai-stocks/python-ai-service/data/target_engineering.py,data/target_engineering.py,target_engineering.py,.py,PYTHON_SOURCE,10855,0.0104,2025-12-19T20:36:06.151541,2025-12-19T20:36:06.151541,UNKNOWN,0.0,[],True
/home/thunderboltdy/ai-stocks/python-ai-service/data/target_engineering_comparison.png,data/target_engineering_comparison.png,target_engineering_comparison.png,.png,OTHER,63539,0.0606,2025-12-19T20:54:58.352265,2025-12-19T20:54:58.352265,UNKNOWN,0.0,[],True
/home/thunderboltdy/ai-stocks/python-ai-service/data/tft_dataset_builder.py,data/tft_dataset_builder.py,tft_dataset_builder.py,.py,PYTHON_SOURCE,30634,0.0292,2025-12-18T00:43:20.348587,2025-12-18T00:43:20.348587,UNKNOWN,0.0,[],True
/home/thunderboltdy/ai-stocks/python-ai-service/data/volatility_features.py,data/volatility_features.py,volatility_features.py,.py,PYTHON_SOURCE,10005,0.0095,2025-12-14T20:14:31.138312,2025-12-14T20:14:31.138312,UNKNOWN,0.0,[],True
/home/thunderboltdy/ai-stocks/python-ai-service/evaluation/advanced_backtester.py,evaluation/advanced_backtester.py,advanced_backtester.py,.py,PYTHON_SOURCE,19547,0.0186,2025-12-19T13:00:29.672926,2025-12-19T13:00:29.672926,UNKNOWN,0.0,[],True
/home/thunderboltdy/ai-stocks/python-ai-service/evaluation/model_diagnostics.py,evaluation/model_diagnostics.py,model_diagnostics.py,.py,PYTHON_SOURCE,11063,0.0106,2025-12-14T20:14:31.390519,2025-12-14T20:14:31.390519,UNKNOWN,0.0,[],True
/home/thunderboltdy/ai-stocks/python-ai-service/evaluation/position_heatmap.py,evaluation/position_heatmap.py,position_heatmap.py,.py,PYTHON_SOURCE,23652,0.0226,2025-12-14T20:14:31.390519,2025-12-14T20:14:31.390519,UNKNOWN,0.0,[],True
/home/thunderboltdy/ai-stocks/python-ai-service/inference/confidence_scorer.py,inference/confidence_scorer.py,confidence_scorer.py,.py,PYTHON_SOURCE,11382,0.0109,2025-12-15T23:24:27.943875,2025-12-15T23:24:27.943875,UNKNOWN,0.0,[],True
/home/thunderboltdy/ai-stocks/python-ai-service/inference/horizon_weighting.py,inference/horizon_weighting.py,horizon_weighting.py,.py,PYTHON_SOURCE,4701,0.0045,2025-12-14T20:14:31.492215,2025-12-14T20:14:31.492215,UNKNOWN,0.0,[],True
/home/thunderboltdy/ai-stocks/python-ai-service/inference/hybrid_predictor.py,inference/hybrid_predictor.py,hybrid_predictor.py,.py,PYTHON_SOURCE,34014,0.0324,2025-12-14T20:14:31.496283,2025-12-14T20:14:31.496283,UNKNOWN,0.0,[],True
/home/thunderboltdy/ai-stocks/python-ai-service/inference/load_gbm_models.py,inference/load_gbm_models.py,load_gbm_models.py,.py,PYTHON_SOURCE,14225,0.0136,2025-12-15T12:38:29.023360,2025-12-15T12:38:29.023360,UNKNOWN,0.0,[],True
/home/thunderboltdy/ai-stocks/python-ai-service/inference/model_validator.py,inference/model_validator.py,model_validator.py,.py,PYTHON_SOURCE,22784,0.0217,2025-12-14T20:14:31.663064,2025-12-14T20:14:31.663064,UNKNOWN,0.0,[],True
/home/thunderboltdy/ai-stocks/python-ai-service/lightning_logs/version_0/events.out.tfevents.1763842836.DESKTOP-NG55VN2.11876.1,lightning_logs/version_0/events.out.tfevents.1763842836.DESKTOP-NG55VN2.11876.1,events.out.tfevents.1763842836.DESKTOP-NG55VN2.11876.1,.1,OTHER,34714,0.0331,2025-12-14T20:14:31.683404,2025-12-14T20:14:31.683404,UNKNOWN,0.0,[],True
/home/thunderboltdy/ai-stocks/python-ai-service/lightning_logs/version_1/events.out.tfevents.1763848487.DESKTOP-NG55VN2.13352.1,lightning_logs/version_1/events.out.tfevents.1763848487.DESKTOP-NG55VN2.13352.1,events.out.tfevents.1763848487.DESKTOP-NG55VN2.13352.1,.1,OTHER,34714,0.0331,2025-12-14T20:14:31.707811,2025-12-14T20:14:31.707811,UNKNOWN,0.0,[],True
/home/thunderboltdy/ai-stocks/python-ai-service/lightning_logs/version_10/events.out.tfevents.1764365751.DESKTOP-NG55VN2.15804.1,lightning_logs/version_10/events.out.tfevents.1764365751.DESKTOP-NG55VN2.15804.1,events.out.tfevents.1764365751.DESKTOP-NG55VN2.15804.1,.1,OTHER,33467,0.0319,2025-12-14T20:14:31.736286,2025-12-14T20:14:31.736286,UNKNOWN,0.0,[],True
/home/thunderboltdy/ai-stocks/python-ai-service/lightning_logs/version_100/events.out.tfevents.1764624839.DESKTOP-NG55VN2.20868.0,lightning_logs/version_100/events.out.tfevents.1764624839.DESKTOP-NG55VN2.20868.0,events.out.tfevents.1764624839.DESKTOP-NG55VN2.20868.0,.0,OTHER,1551,0.0015,2025-12-14T20:14:31.760693,2025-12-14T20:14:31.760693,UNKNOWN,0.0,[],True
/home/thunderboltdy/ai-stocks/python-ai-service/lightning_logs/version_101/events.out.tfevents.1764625371.DESKTOP-NG55VN2.19820.0,lightning_logs/version_101/events.out.tfevents.1764625371.DESKTOP-NG55VN2.19820.0,events.out.tfevents.1764625371.DESKTOP-NG55VN2.19820.0,.0,OTHER,1551,0.0015,2025-12-14T20:14:31.781032,2025-12-14T20:14:31.781032,UNKNOWN,0.0,[],True
/home/thunderboltdy/ai-stocks/python-ai-service/lightning_logs/version_102/events.out.tfevents.1764625504.DESKTOP-NG55VN2.2336.0,lightning_logs/version_102/events.out.tfevents.1764625504.DESKTOP-NG55VN2.2336.0,events.out.tfevents.1764625504.DESKTOP-NG55VN2.2336.0,.0,OTHER,1551,0.0015,2025-12-14T20:14:31.801371,2025-12-14T20:14:31.801371,UNKNOWN,0.0,[],True
/home/thunderboltdy/ai-stocks/python-ai-service/lightning_logs/version_103/events.out.tfevents.1764625790.DESKTOP-NG55VN2.19360.0,lightning_logs/version_103/events.out.tfevents.1764625790.DESKTOP-NG55VN2.19360.0,events.out.tfevents.1764625790.DESKTOP-NG55VN2.19360.0,.0,OTHER,1551,0.0015,2025-12-14T20:14:31.821711,2025-12-14T20:14:31.821711,UNKNOWN,0.0,[],True
/home/thunderboltdy/ai-stocks/python-ai-service/lightning_logs/version_104/events.out.tfevents.1764626890.DESKTOP-NG55VN2.20208.0,lightning_logs/version_104/events.out.tfevents.1764626890.DESKTOP-NG55VN2.20208.0,events.out.tfevents.1764626890.DESKTOP-NG55VN2.20208.0,.0,OTHER,1551,0.0015,2025-12-14T20:14:31.837982,2025-12-14T20:14:31.837982,UNKNOWN,0.0,[],True
/home/thunderboltdy/ai-stocks/python-ai-service/lightning_logs/version_105/events.out.tfevents.1764627792.DESKTOP-NG55VN2.20700.0,lightning_logs/version_105/events.out.tfevents.1764627792.DESKTOP-NG55VN2.20700.0,events.out.tfevents.1764627792.DESKTOP-NG55VN2.20700.0,.0,OTHER,1551,0.0015,2025-12-14T20:14:31.858321,2025-12-14T20:14:31.858321,UNKNOWN,0.0,[],True
/home/thunderboltdy/ai-stocks/python-ai-service/lightning_logs/version_106/events.out.tfevents.1764704962.DESKTOP-NG55VN2.13620.1,lightning_logs/version_106/events.out.tfevents.1764704962.DESKTOP-NG55VN2.13620.1,events.out.tfevents.1764704962.DESKTOP-NG55VN2.13620.1,.1,OTHER,33618,0.0321,2025-12-14T20:14:31.870525,2025-12-14T20:14:31.870525,UNKNOWN,0.0,[],True
/home/thunderboltdy/ai-stocks/python-ai-service/lightning_logs/version_107/events.out.tfevents.1764707629.DESKTOP-NG55VN2.16096.0,lightning_logs/version_107/events.out.tfevents.1764707629.DESKTOP-NG55VN2.16096.0,events.out.tfevents.1764707629.DESKTOP-NG55VN2.16096.0,.0,OTHER,1551,0.0015,2025-12-14T20:14:31.894932,2025-12-14T20:14:31.894932,UNKNOWN,0.0,[],True
/home/thunderboltdy/ai-stocks/python-ai-service/lightning_logs/version_108/events.out.tfevents.1764708691.DESKTOP-NG55VN2.18716.0,lightning_logs/version_108/events.out.tfevents.1764708691.DESKTOP-NG55VN2.18716.0,events.out.tfevents.1764708691.DESKTOP-NG55VN2.18716.0,.0,OTHER,1551,0.0015,2025-12-14T20:14:31.911203,2025-12-14T20:14:31.911203,UNKNOWN,0.0,[],True
/home/thunderboltdy/ai-stocks/python-ai-service/lightning_logs/version_109/events.out.tfevents.1764713160.DESKTOP-NG55VN2.6804.0,lightning_logs/version_109/events.out.tfevents.1764713160.DESKTOP-NG55VN2.6804.0,events.out.tfevents.1764713160.DESKTOP-NG55VN2.6804.0,.0,OTHER,1551,0.0015,2025-12-14T20:14:31.927474,2025-12-14T20:14:31.927474,UNKNOWN,0.0,[],True
/home/thunderboltdy/ai-stocks/python-ai-service/lightning_logs/version_11/events.out.tfevents.1764370320.DESKTOP-NG55VN2.17416.1,lightning_logs/version_11/events.out.tfevents.1764370320.DESKTOP-NG55VN2.17416.1,events.out.tfevents.1764370320.DESKTOP-NG55VN2.17416.1,.1,OTHER,33615,0.0321,2025-12-14T20:14:31.947814,2025-12-14T20:14:31.947814,UNKNOWN,0.0,[],True
/home/thunderboltdy/ai-stocks/python-ai-service/lightning_logs/version_110/events.out.tfevents.1764768511.DESKTOP-NG55VN2.7092.0,lightning_logs/version_110/events.out.tfevents.1764768511.DESKTOP-NG55VN2.7092.0,events.out.tfevents.1764768511.DESKTOP-NG55VN2.7092.0,.0,OTHER,1551,0.0015,2025-12-14T20:14:31.972221,2025-12-14T20:14:31.972221,UNKNOWN,0.0,[],True
/home/thunderboltdy/ai-stocks/python-ai-service/lightning_logs/version_12/events.out.tfevents.1764392389.DESKTOP-NG55VN2.8724.1,lightning_logs/version_12/events.out.tfevents.1764392389.DESKTOP-NG55VN2.8724.1,events.out.tfevents.1764392389.DESKTOP-NG55VN2.8724.1,.1,OTHER,33615,0.0321,2025-12-14T20:14:31.988492,2025-12-14T20:14:31.988492,UNKNOWN,0.0,[],True
/home/thunderboltdy/ai-stocks/python-ai-service/lightning_logs/version_13/events.out.tfevents.1764419699.DESKTOP-NG55VN2.12220.0,lightning_logs/version_13/events.out.tfevents.1764419699.DESKTOP-NG55VN2.12220.0,events.out.tfevents.1764419699.DESKTOP-NG55VN2.12220.0,.0,OTHER,1551,0.0015,2025-12-14T20:14:32.012899,2025-12-14T20:14:32.012899,UNKNOWN,0.0,[],True
/home/thunderboltdy/ai-stocks/python-ai-service/lightning_logs/version_14/events.out.tfevents.1764419952.DESKTOP-NG55VN2.17748.0,lightning_logs/version_14/events.out.tfevents.1764419952.DESKTOP-NG55VN2.17748.0,events.out.tfevents.1764419952.DESKTOP-NG55VN2.17748.0,.0,OTHER,1551,0.0015,2025-12-14T20:14:32.029171,2025-12-14T20:14:32.029171,UNKNOWN,0.0,[],True
/home/thunderboltdy/ai-stocks/python-ai-service/lightning_logs/version_15/events.out.tfevents.1764420019.DESKTOP-NG55VN2.14992.0,lightning_logs/version_15/events.out.tfevents.1764420019.DESKTOP-NG55VN2.14992.0,events.out.tfevents.1764420019.DESKTOP-NG55VN2.14992.0,.0,OTHER,1551,0.0015,2025-12-14T20:14:32.049510,2025-12-14T20:14:32.049510,UNKNOWN,0.0,[],True
/home/thunderboltdy/ai-stocks/python-ai-service/lightning_logs/version_16/events.out.tfevents.1764420390.DESKTOP-NG55VN2.6952.0,lightning_logs/version_16/events.out.tfevents.1764420390.DESKTOP-NG55VN2.6952.0,events.out.tfevents.1764420390.DESKTOP-NG55VN2.6952.0,.0,OTHER,33246,0.0317,2025-12-14T20:14:32.065781,2025-12-14T20:14:32.065781,UNKNOWN,0.0,[],True
/home/thunderboltdy/ai-stocks/python-ai-service/lightning_logs/version_17/events.out.tfevents.1764420807.DESKTOP-NG55VN2.6952.1,lightning_logs/version_17/events.out.tfevents.1764420807.DESKTOP-NG55VN2.6952.1,events.out.tfevents.1764420807.DESKTOP-NG55VN2.6952.1,.1,OTHER,1551,0.0015,2025-12-14T20:14:32.102392,2025-12-14T20:14:32.102392,UNKNOWN,0.0,[],True
/home/thunderboltdy/ai-stocks/python-ai-service/lightning_logs/version_18/events.out.tfevents.1764421031.DESKTOP-NG55VN2.20092.0,lightning_logs/version_18/events.out.tfevents.1764421031.DESKTOP-NG55VN2.20092.0,events.out.tfevents.1764421031.DESKTOP-NG55VN2.20092.0,.0,OTHER,33246,0.0317,2025-12-14T20:14:32.122731,2025-12-14T20:14:32.122731,UNKNOWN,0.0,[],True
/home/thunderboltdy/ai-stocks/python-ai-service/lightning_logs/version_19/events.out.tfevents.1764421414.DESKTOP-NG55VN2.20092.1,lightning_logs/version_19/events.out.tfevents.1764421414.DESKTOP-NG55VN2.20092.1,events.out.tfevents.1764421414.DESKTOP-NG55VN2.20092.1,.1,OTHER,1551,0.0015,2025-12-14T20:14:32.163410,2025-12-14T20:14:32.163410,UNKNOWN,0.0,[],True
/home/thunderboltdy/ai-stocks/python-ai-service/lightning_logs/version_2/events.out.tfevents.1763852479.DESKTOP-NG55VN2.16692.1,lightning_logs/version_2/events.out.tfevents.1763852479.DESKTOP-NG55VN2.16692.1,events.out.tfevents.1763852479.DESKTOP-NG55VN2.16692.1,.1,OTHER,34714,0.0331,2025-12-14T20:14:32.183749,2025-12-14T20:14:32.183749,UNKNOWN,0.0,[],True
/home/thunderboltdy/ai-stocks/python-ai-service/lightning_logs/version_20/events.out.tfevents.1764424465.DESKTOP-NG55VN2.19828.0,lightning_logs/version_20/events.out.tfevents.1764424465.DESKTOP-NG55VN2.19828.0,events.out.tfevents.1764424465.DESKTOP-NG55VN2.19828.0,.0,OTHER,33246,0.0317,2025-12-14T20:14:32.208156,2025-12-14T20:14:32.208156,UNKNOWN,0.0,[],True
/home/thunderboltdy/ai-stocks/python-ai-service/lightning_logs/version_21/events.out.tfevents.1764424881.DESKTOP-NG55VN2.19828.1,lightning_logs/version_21/events.out.tfevents.1764424881.DESKTOP-NG55VN2.19828.1,events.out.tfevents.1764424881.DESKTOP-NG55VN2.19828.1,.1,OTHER,1551,0.0015,2025-12-14T20:14:32.248835,2025-12-14T20:14:32.248835,UNKNOWN,0.0,[],True
/home/thunderboltdy/ai-stocks/python-ai-service/lightning_logs/version_22/events.out.tfevents.1764424974.DESKTOP-NG55VN2.15368.0,lightning_logs/version_22/events.out.tfevents.1764424974.DESKTOP-NG55VN2.15368.0,events.out.tfevents.1764424974.DESKTOP-NG55VN2.15368.0,.0,OTHER,33246,0.0317,2025-12-14T20:14:32.269174,2025-12-14T20:14:32.269174,UNKNOWN,0.0,[],True
/home/thunderboltdy/ai-stocks/python-ai-service/lightning_logs/version_23/events.out.tfevents.1764425525.DESKTOP-NG55VN2.15368.1,lightning_logs/version_23/events.out.tfevents.1764425525.DESKTOP-NG55VN2.15368.1,events.out.tfevents.1764425525.DESKTOP-NG55VN2.15368.1,.1,OTHER,1551,0.0015,2025-12-14T20:14:32.309852,2025-12-14T20:14:32.309852,UNKNOWN,0.0,[],True
/home/thunderboltdy/ai-stocks/python-ai-service/lightning_logs/version_24/events.out.tfevents.1764425712.DESKTOP-NG55VN2.20260.0,lightning_logs/version_24/events.out.tfevents.1764425712.DESKTOP-NG55VN2.20260.0,events.out.tfevents.1764425712.DESKTOP-NG55VN2.20260.0,.0,OTHER,33246,0.0317,2025-12-14T20:14:32.326124,2025-12-14T20:14:32.326124,UNKNOWN,0.0,[],True
/home/thunderboltdy/ai-stocks/python-ai-service/lightning_logs/version_25/events.out.tfevents.1764426243.DESKTOP-NG55VN2.20260.1,lightning_logs/version_25/events.out.tfevents.1764426243.DESKTOP-NG55VN2.20260.1,events.out.tfevents.1764426243.DESKTOP-NG55VN2.20260.1,.1,OTHER,1551,0.0015,2025-12-14T20:14:32.366802,2025-12-14T20:14:32.366802,UNKNOWN,0.0,[],True
/home/thunderboltdy/ai-stocks/python-ai-service/lightning_logs/version_26/events.out.tfevents.1764426630.DESKTOP-NG55VN2.12988.0,lightning_logs/version_26/events.out.tfevents.1764426630.DESKTOP-NG55VN2.12988.0,events.out.tfevents.1764426630.DESKTOP-NG55VN2.12988.0,.0,OTHER,33246,0.0317,2025-12-14T20:14:32.387141,2025-12-14T20:14:32.387141,UNKNOWN,0.0,[],True
/home/thunderboltdy/ai-stocks/python-ai-service/lightning_logs/version_27/events.out.tfevents.1764427032.DESKTOP-NG55VN2.12988.1,lightning_logs/version_27/events.out.tfevents.1764427032.DESKTOP-NG55VN2.12988.1,events.out.tfevents.1764427032.DESKTOP-NG55VN2.12988.1,.1,OTHER,1551,0.0015,2025-12-14T20:14:32.428174,2025-12-14T20:14:32.428174,UNKNOWN,0.0,[],True
/home/thunderboltdy/ai-stocks/python-ai-service/lightning_logs/version_28/events.out.tfevents.1764427154.DESKTOP-NG55VN2.20100.0,lightning_logs/version_28/events.out.tfevents.1764427154.DESKTOP-NG55VN2.20100.0,events.out.tfevents.1764427154.DESKTOP-NG55VN2.20100.0,.0,OTHER,33246,0.0317,2025-12-14T20:14:32.444697,2025-12-14T20:14:32.444697,UNKNOWN,0.0,[],True
/home/thunderboltdy/ai-stocks/python-ai-service/lightning_logs/version_29/events.out.tfevents.1764427606.DESKTOP-NG55VN2.20100.1,lightning_logs/version_29/events.out.tfevents.1764427606.DESKTOP-NG55VN2.20100.1,events.out.tfevents.1764427606.DESKTOP-NG55VN2.20100.1,.1,OTHER,1551,0.0015,2025-12-14T20:14:32.490136,2025-12-14T20:14:32.490136,UNKNOWN,0.0,[],True
/home/thunderboltdy/ai-stocks/python-ai-service/lightning_logs/version_3/events.out.tfevents.1763853654.DESKTOP-NG55VN2.13864.1,lightning_logs/version_3/events.out.tfevents.1763853654.DESKTOP-NG55VN2.13864.1,events.out.tfevents.1763853654.DESKTOP-NG55VN2.13864.1,.1,OTHER,34714,0.0331,2025-12-14T20:14:32.506660,2025-12-14T20:14:32.506660,UNKNOWN,0.0,[],True
/home/thunderboltdy/ai-stocks/python-ai-service/lightning_logs/version_30/events.out.tfevents.1764430416.DESKTOP-NG55VN2.8188.1,lightning_logs/version_30/events.out.tfevents.1764430416.DESKTOP-NG55VN2.8188.1,events.out.tfevents.1764430416.DESKTOP-NG55VN2.8188.1,.1,OTHER,33618,0.0321,2025-12-14T20:14:32.531445,2025-12-14T20:14:32.531445,UNKNOWN,0.0,[],True
/home/thunderboltdy/ai-stocks/python-ai-service/lightning_logs/version_31/events.out.tfevents.1764431907.DESKTOP-NG55VN2.12080.1,lightning_logs/version_31/events.out.tfevents.1764431907.DESKTOP-NG55VN2.12080.1,events.out.tfevents.1764431907.DESKTOP-NG55VN2.12080.1,.1,OTHER,33618,0.0321,2025-12-14T20:14:32.556230,2025-12-14T20:14:32.556230,UNKNOWN,0.0,[],True
/home/thunderboltdy/ai-stocks/python-ai-service/lightning_logs/version_32/events.out.tfevents.1764434892.DESKTOP-NG55VN2.19316.0,lightning_logs/version_32/events.out.tfevents.1764434892.DESKTOP-NG55VN2.19316.0,events.out.tfevents.1764434892.DESKTOP-NG55VN2.19316.0,.0,OTHER,1551,0.0015,2025-12-14T20:14:32.581015,2025-12-14T20:14:32.581015,UNKNOWN,0.0,[],True
/home/thunderboltdy/ai-stocks/python-ai-service/lightning_logs/version_33/events.out.tfevents.1764434943.DESKTOP-NG55VN2.15136.0,lightning_logs/version_33/events.out.tfevents.1764434943.DESKTOP-NG55VN2.15136.0,events.out.tfevents.1764434943.DESKTOP-NG55VN2.15136.0,.0,OTHER,1551,0.0015,2025-12-14T20:14:32.601669,2025-12-14T20:14:32.601669,UNKNOWN,0.0,[],True
/home/thunderboltdy/ai-stocks/python-ai-service/lightning_logs/version_34/events.out.tfevents.1764434944.DESKTOP-NG55VN2.15136.1,lightning_logs/version_34/events.out.tfevents.1764434944.DESKTOP-NG55VN2.15136.1,events.out.tfevents.1764434944.DESKTOP-NG55VN2.15136.1,.1,OTHER,1551,0.0015,2025-12-14T20:14:32.618192,2025-12-14T20:14:32.618192,UNKNOWN,0.0,[],True
/home/thunderboltdy/ai-stocks/python-ai-service/lightning_logs/version_35/events.out.tfevents.1764435019.DESKTOP-NG55VN2.18448.0,lightning_logs/version_35/events.out.tfevents.1764435019.DESKTOP-NG55VN2.18448.0,events.out.tfevents.1764435019.DESKTOP-NG55VN2.18448.0,.0,OTHER,1551,0.0015,2025-12-14T20:14:32.634715,2025-12-14T20:14:32.634715,UNKNOWN,0.0,[],True
/home/thunderboltdy/ai-stocks/python-ai-service/lightning_logs/version_36/events.out.tfevents.1764435020.DESKTOP-NG55VN2.18448.1,lightning_logs/version_36/events.out.tfevents.1764435020.DESKTOP-NG55VN2.18448.1,events.out.tfevents.1764435020.DESKTOP-NG55VN2.18448.1,.1,OTHER,1551,0.0015,2025-12-14T20:14:32.651239,2025-12-14T20:14:32.651239,UNKNOWN,0.0,[],True
/home/thunderboltdy/ai-stocks/python-ai-service/lightning_logs/version_37/events.out.tfevents.1764435105.DESKTOP-NG55VN2.1472.0,lightning_logs/version_37/events.out.tfevents.1764435105.DESKTOP-NG55VN2.1472.0,events.out.tfevents.1764435105.DESKTOP-NG55VN2.1472.0,.0,OTHER,1551,0.0015,2025-12-14T20:14:32.667762,2025-12-14T20:14:32.667762,UNKNOWN,0.0,[],True
/home/thunderboltdy/ai-stocks/python-ai-service/lightning_logs/version_38/events.out.tfevents.1764435397.DESKTOP-NG55VN2.2656.0,lightning_logs/version_38/events.out.tfevents.1764435397.DESKTOP-NG55VN2.2656.0,events.out.tfevents.1764435397.DESKTOP-NG55VN2.2656.0,.0,OTHER,1551,0.0015,2025-12-14T20:14:32.684285,2025-12-14T20:14:32.684285,UNKNOWN,0.0,[],True
/home/thunderboltdy/ai-stocks/python-ai-service/lightning_logs/version_39/events.out.tfevents.1764435529.DESKTOP-NG55VN2.18484.0,lightning_logs/version_39/events.out.tfevents.1764435529.DESKTOP-NG55VN2.18484.0,events.out.tfevents.1764435529.DESKTOP-NG55VN2.18484.0,.0,OTHER,1551,0.0015,2025-12-14T20:14:32.700809,2025-12-14T20:14:32.700809,UNKNOWN,0.0,[],True
/home/thunderboltdy/ai-stocks/python-ai-service/lightning_logs/version_4/events.out.tfevents.1763855033.DESKTOP-NG55VN2.20100.1,lightning_logs/version_4/events.out.tfevents.1763855033.DESKTOP-NG55VN2.20100.1,events.out.tfevents.1763855033.DESKTOP-NG55VN2.20100.1,.1,OTHER,34714,0.0331,2025-12-14T20:14:32.721463,2025-12-14T20:14:32.721463,UNKNOWN,0.0,[],True
/home/thunderboltdy/ai-stocks/python-ai-service/lightning_logs/version_40/events.out.tfevents.1764447305.DESKTOP-NG55VN2.19472.1,lightning_logs/version_40/events.out.tfevents.1764447305.DESKTOP-NG55VN2.19472.1,events.out.tfevents.1764447305.DESKTOP-NG55VN2.19472.1,.1,OTHER,33618,0.0321,2025-12-14T20:14:32.746248,2025-12-14T20:14:32.746248,UNKNOWN,0.0,[],True
/home/thunderboltdy/ai-stocks/python-ai-service/lightning_logs/version_41/events.out.tfevents.1764492856.DESKTOP-NG55VN2.15604.0,lightning_logs/version_41/events.out.tfevents.1764492856.DESKTOP-NG55VN2.15604.0,events.out.tfevents.1764492856.DESKTOP-NG55VN2.15604.0,.0,OTHER,1551,0.0015,2025-12-14T20:14:32.766902,2025-12-14T20:14:32.766902,UNKNOWN,0.0,[],True
/home/thunderboltdy/ai-stocks/python-ai-service/lightning_logs/version_42/events.out.tfevents.1764494856.DESKTOP-NG55VN2.13788.0,lightning_logs/version_42/events.out.tfevents.1764494856.DESKTOP-NG55VN2.13788.0,events.out.tfevents.1764494856.DESKTOP-NG55VN2.13788.0,.0,OTHER,1551,0.0015,2025-12-14T20:14:32.783425,2025-12-14T20:14:32.783425,UNKNOWN,0.0,[],True
/home/thunderboltdy/ai-stocks/python-ai-service/lightning_logs/version_43/events.out.tfevents.1764496555.DESKTOP-NG55VN2.10392.0,lightning_logs/version_43/events.out.tfevents.1764496555.DESKTOP-NG55VN2.10392.0,events.out.tfevents.1764496555.DESKTOP-NG55VN2.10392.0,.0,OTHER,1551,0.0015,2025-12-14T20:14:32.799948,2025-12-14T20:14:32.799948,UNKNOWN,0.0,[],True
/home/thunderboltdy/ai-stocks/python-ai-service/lightning_logs/version_44/events.out.tfevents.1764497487.DESKTOP-NG55VN2.17876.0,lightning_logs/version_44/events.out.tfevents.1764497487.DESKTOP-NG55VN2.17876.0,events.out.tfevents.1764497487.DESKTOP-NG55VN2.17876.0,.0,OTHER,1551,0.0015,2025-12-14T20:14:32.816472,2025-12-14T20:14:32.816472,UNKNOWN,0.0,[],True
/home/thunderboltdy/ai-stocks/python-ai-service/lightning_logs/version_45/events.out.tfevents.1764497914.DESKTOP-NG55VN2.15436.0,lightning_logs/version_45/events.out.tfevents.1764497914.DESKTOP-NG55VN2.15436.0,events.out.tfevents.1764497914.DESKTOP-NG55VN2.15436.0,.0,OTHER,1551,0.0015,2025-12-14T20:14:32.837126,2025-12-14T20:14:32.837126,UNKNOWN,0.0,[],True
/home/thunderboltdy/ai-stocks/python-ai-service/lightning_logs/version_46/events.out.tfevents.1764498223.DESKTOP-NG55VN2.15980.0,lightning_logs/version_46/events.out.tfevents.1764498223.DESKTOP-NG55VN2.15980.0,events.out.tfevents.1764498223.DESKTOP-NG55VN2.15980.0,.0,OTHER,1551,0.0015,2025-12-14T20:14:32.853649,2025-12-14T20:14:32.853649,UNKNOWN,0.0,[],True
/home/thunderboltdy/ai-stocks/python-ai-service/lightning_logs/version_47/events.out.tfevents.1764498394.DESKTOP-NG55VN2.18352.0,lightning_logs/version_47/events.out.tfevents.1764498394.DESKTOP-NG55VN2.18352.0,events.out.tfevents.1764498394.DESKTOP-NG55VN2.18352.0,.0,OTHER,1551,0.0015,2025-12-14T20:14:32.874303,2025-12-14T20:14:32.874303,UNKNOWN,0.0,[],True
/home/thunderboltdy/ai-stocks/python-ai-service/lightning_logs/version_48/events.out.tfevents.1764498704.DESKTOP-NG55VN2.14084.0,lightning_logs/version_48/events.out.tfevents.1764498704.DESKTOP-NG55VN2.14084.0,events.out.tfevents.1764498704.DESKTOP-NG55VN2.14084.0,.0,OTHER,1551,0.0015,2025-12-14T20:14:32.890827,2025-12-14T20:14:32.890827,UNKNOWN,0.0,[],True
/home/thunderboltdy/ai-stocks/python-ai-service/lightning_logs/version_49/events.out.tfevents.1764498925.DESKTOP-NG55VN2.10780.0,lightning_logs/version_49/events.out.tfevents.1764498925.DESKTOP-NG55VN2.10780.0,events.out.tfevents.1764498925.DESKTOP-NG55VN2.10780.0,.0,OTHER,1551,0.0015,2025-12-14T20:14:32.907350,2025-12-14T20:14:32.907350,UNKNOWN,0.0,[],True
/home/thunderboltdy/ai-stocks/python-ai-service/lightning_logs/version_5/events.out.tfevents.1763860442.DESKTOP-NG55VN2.18032.1,lightning_logs/version_5/events.out.tfevents.1763860442.DESKTOP-NG55VN2.18032.1,events.out.tfevents.1763860442.DESKTOP-NG55VN2.18032.1,.1,OTHER,34714,0.0331,2025-12-14T20:14:32.923873,2025-12-14T20:14:32.923873,UNKNOWN,0.0,[],True
/home/thunderboltdy/ai-stocks/python-ai-service/lightning_logs/version_50/events.out.tfevents.1764499162.DESKTOP-NG55VN2.14928.0,lightning_logs/version_50/events.out.tfevents.1764499162.DESKTOP-NG55VN2.14928.0,events.out.tfevents.1764499162.DESKTOP-NG55VN2.14928.0,.0,OTHER,1551,0.0015,2025-12-14T20:14:32.952789,2025-12-14T20:14:32.952789,UNKNOWN,0.0,[],True
/home/thunderboltdy/ai-stocks/python-ai-service/lightning_logs/version_51/events.out.tfevents.1764499423.DESKTOP-NG55VN2.18040.0,lightning_logs/version_51/events.out.tfevents.1764499423.DESKTOP-NG55VN2.18040.0,events.out.tfevents.1764499423.DESKTOP-NG55VN2.18040.0,.0,OTHER,1551,0.0015,2025-12-14T20:14:32.969312,2025-12-14T20:14:32.969312,UNKNOWN,0.0,[],True
/home/thunderboltdy/ai-stocks/python-ai-service/lightning_logs/version_52/events.out.tfevents.1764499729.DESKTOP-NG55VN2.832.0,lightning_logs/version_52/events.out.tfevents.1764499729.DESKTOP-NG55VN2.832.0,events.out.tfevents.1764499729.DESKTOP-NG55VN2.832.0,.0,OTHER,1551,0.0015,2025-12-14T20:14:32.985836,2025-12-14T20:14:32.985836,UNKNOWN,0.0,[],True
/home/thunderboltdy/ai-stocks/python-ai-service/lightning_logs/version_53/events.out.tfevents.1764499838.DESKTOP-NG55VN2.128.0,lightning_logs/version_53/events.out.tfevents.1764499838.DESKTOP-NG55VN2.128.0,events.out.tfevents.1764499838.DESKTOP-NG55VN2.128.0,.0,OTHER,1551,0.0015,2025-12-14T20:14:33.002359,2025-12-14T20:14:33.002359,UNKNOWN,0.0,[],True
/home/thunderboltdy/ai-stocks/python-ai-service/lightning_logs/version_54/events.out.tfevents.1764501237.DESKTOP-NG55VN2.10060.0,lightning_logs/version_54/events.out.tfevents.1764501237.DESKTOP-NG55VN2.10060.0,events.out.tfevents.1764501237.DESKTOP-NG55VN2.10060.0,.0,OTHER,1551,0.0015,2025-12-14T20:14:33.018883,2025-12-14T20:14:33.018883,UNKNOWN,0.0,[],True
/home/thunderboltdy/ai-stocks/python-ai-service/lightning_logs/version_55/events.out.tfevents.1764501546.DESKTOP-NG55VN2.4260.0,lightning_logs/version_55/events.out.tfevents.1764501546.DESKTOP-NG55VN2.4260.0,events.out.tfevents.1764501546.DESKTOP-NG55VN2.4260.0,.0,OTHER,1551,0.0015,2025-12-14T20:14:33.035406,2025-12-14T20:14:33.035406,UNKNOWN,0.0,[],True
/home/thunderboltdy/ai-stocks/python-ai-service/lightning_logs/version_56/events.out.tfevents.1764501842.DESKTOP-NG55VN2.9168.0,lightning_logs/version_56/events.out.tfevents.1764501842.DESKTOP-NG55VN2.9168.0,events.out.tfevents.1764501842.DESKTOP-NG55VN2.9168.0,.0,OTHER,1551,0.0015,2025-12-14T20:14:33.051929,2025-12-14T20:14:33.051929,UNKNOWN,0.0,[],True
/home/thunderboltdy/ai-stocks/python-ai-service/lightning_logs/version_57/events.out.tfevents.1764502317.DESKTOP-NG55VN2.14988.0,lightning_logs/version_57/events.out.tfevents.1764502317.DESKTOP-NG55VN2.14988.0,events.out.tfevents.1764502317.DESKTOP-NG55VN2.14988.0,.0,OTHER,1551,0.0015,2025-12-14T20:14:33.072583,2025-12-14T20:14:33.072583,UNKNOWN,0.0,[],True
/home/thunderboltdy/ai-stocks/python-ai-service/lightning_logs/version_58/events.out.tfevents.1764504238.DESKTOP-NG55VN2.8996.0,lightning_logs/version_58/events.out.tfevents.1764504238.DESKTOP-NG55VN2.8996.0,events.out.tfevents.1764504238.DESKTOP-NG55VN2.8996.0,.0,OTHER,1551,0.0015,2025-12-14T20:14:33.089107,2025-12-14T20:14:33.089107,UNKNOWN,0.0,[],True
/home/thunderboltdy/ai-stocks/python-ai-service/lightning_logs/version_59/events.out.tfevents.1764504667.DESKTOP-NG55VN2.1700.0,lightning_logs/version_59/events.out.tfevents.1764504667.DESKTOP-NG55VN2.1700.0,events.out.tfevents.1764504667.DESKTOP-NG55VN2.1700.0,.0,OTHER,1551,0.0015,2025-12-14T20:14:33.105630,2025-12-14T20:14:33.105630,UNKNOWN,0.0,[],True
/home/thunderboltdy/ai-stocks/python-ai-service/lightning_logs/version_6/events.out.tfevents.1763927094.DESKTOP-NG55VN2.10268.1,lightning_logs/version_6/events.out.tfevents.1763927094.DESKTOP-NG55VN2.10268.1,events.out.tfevents.1763927094.DESKTOP-NG55VN2.10268.1,.1,OTHER,33467,0.0319,2025-12-14T20:14:33.122153,2025-12-14T20:14:33.122153,UNKNOWN,0.0,[],True
/home/thunderboltdy/ai-stocks/python-ai-service/lightning_logs/version_60/events.out.tfevents.1764508996.DESKTOP-NG55VN2.18584.0,lightning_logs/version_60/events.out.tfevents.1764508996.DESKTOP-NG55VN2.18584.0,events.out.tfevents.1764508996.DESKTOP-NG55VN2.18584.0,.0,OTHER,1551,0.0015,2025-12-14T20:14:33.142807,2025-12-14T20:14:33.142807,UNKNOWN,0.0,[],True
/home/thunderboltdy/ai-stocks/python-ai-service/lightning_logs/version_61/events.out.tfevents.1764509514.DESKTOP-NG55VN2.19168.0,lightning_logs/version_61/events.out.tfevents.1764509514.DESKTOP-NG55VN2.19168.0,events.out.tfevents.1764509514.DESKTOP-NG55VN2.19168.0,.0,OTHER,1551,0.0015,2025-12-14T20:14:33.163461,2025-12-14T20:14:33.163461,UNKNOWN,0.0,[],True
/home/thunderboltdy/ai-stocks/python-ai-service/lightning_logs/version_62/events.out.tfevents.1764510062.DESKTOP-NG55VN2.13752.0,lightning_logs/version_62/events.out.tfevents.1764510062.DESKTOP-NG55VN2.13752.0,events.out.tfevents.1764510062.DESKTOP-NG55VN2.13752.0,.0,OTHER,1551,0.0015,2025-12-14T20:14:33.179985,2025-12-14T20:14:33.179985,UNKNOWN,0.0,[],True
/home/thunderboltdy/ai-stocks/python-ai-service/lightning_logs/version_63/events.out.tfevents.1764512006.DESKTOP-NG55VN2.16680.0,lightning_logs/version_63/events.out.tfevents.1764512006.DESKTOP-NG55VN2.16680.0,events.out.tfevents.1764512006.DESKTOP-NG55VN2.16680.0,.0,OTHER,1551,0.0015,2025-12-14T20:14:33.200639,2025-12-14T20:14:33.200639,UNKNOWN,0.0,[],True
/home/thunderboltdy/ai-stocks/python-ai-service/lightning_logs/version_64/events.out.tfevents.1764512863.DESKTOP-NG55VN2.6520.0,lightning_logs/version_64/events.out.tfevents.1764512863.DESKTOP-NG55VN2.6520.0,events.out.tfevents.1764512863.DESKTOP-NG55VN2.6520.0,.0,OTHER,1551,0.0015,2025-12-14T20:14:33.221293,2025-12-14T20:14:33.221293,UNKNOWN,0.0,[],True
/home/thunderboltdy/ai-stocks/python-ai-service/lightning_logs/version_65/events.out.tfevents.1764513487.DESKTOP-NG55VN2.2816.0,lightning_logs/version_65/events.out.tfevents.1764513487.DESKTOP-NG55VN2.2816.0,events.out.tfevents.1764513487.DESKTOP-NG55VN2.2816.0,.0,OTHER,1551,0.0015,2025-12-14T20:14:33.241947,2025-12-14T20:14:33.241947,UNKNOWN,0.0,[],True
/home/thunderboltdy/ai-stocks/python-ai-service/lightning_logs/version_66/events.out.tfevents.1764514549.DESKTOP-NG55VN2.13484.0,lightning_logs/version_66/events.out.tfevents.1764514549.DESKTOP-NG55VN2.13484.0,events.out.tfevents.1764514549.DESKTOP-NG55VN2.13484.0,.0,OTHER,1551,0.0015,2025-12-14T20:14:33.258471,2025-12-14T20:14:33.258471,UNKNOWN,0.0,[],True
/home/thunderboltdy/ai-stocks/python-ai-service/lightning_logs/version_67/events.out.tfevents.1764515836.DESKTOP-NG55VN2.18856.0,lightning_logs/version_67/events.out.tfevents.1764515836.DESKTOP-NG55VN2.18856.0,events.out.tfevents.1764515836.DESKTOP-NG55VN2.18856.0,.0,OTHER,1551,0.0015,2025-12-14T20:14:33.274994,2025-12-14T20:14:33.274994,UNKNOWN,0.0,[],True
/home/thunderboltdy/ai-stocks/python-ai-service/lightning_logs/version_68/events.out.tfevents.1764516648.DESKTOP-NG55VN2.10180.0,lightning_logs/version_68/events.out.tfevents.1764516648.DESKTOP-NG55VN2.10180.0,events.out.tfevents.1764516648.DESKTOP-NG55VN2.10180.0,.0,OTHER,1551,0.0015,2025-12-14T20:14:33.291517,2025-12-14T20:14:33.291517,UNKNOWN,0.0,[],True
/home/thunderboltdy/ai-stocks/python-ai-service/lightning_logs/version_69/events.out.tfevents.1764517688.DESKTOP-NG55VN2.1332.0,lightning_logs/version_69/events.out.tfevents.1764517688.DESKTOP-NG55VN2.1332.0,events.out.tfevents.1764517688.DESKTOP-NG55VN2.1332.0,.0,OTHER,1551,0.0015,2025-12-14T20:14:33.308040,2025-12-14T20:14:33.308040,UNKNOWN,0.0,[],True
/home/thunderboltdy/ai-stocks/python-ai-service/lightning_logs/version_7/events.out.tfevents.1764011010.DESKTOP-NG55VN2.2088.1,lightning_logs/version_7/events.out.tfevents.1764011010.DESKTOP-NG55VN2.2088.1,events.out.tfevents.1764011010.DESKTOP-NG55VN2.2088.1,.1,OTHER,33467,0.0319,2025-12-14T20:14:33.324564,2025-12-14T20:14:33.324564,UNKNOWN,0.0,[],True
/home/thunderboltdy/ai-stocks/python-ai-service/lightning_logs/version_70/events.out.tfevents.1764518332.DESKTOP-NG55VN2.18756.0,lightning_logs/version_70/events.out.tfevents.1764518332.DESKTOP-NG55VN2.18756.0,events.out.tfevents.1764518332.DESKTOP-NG55VN2.18756.0,.0,OTHER,1551,0.0015,2025-12-14T20:14:33.349349,2025-12-14T20:14:33.349349,UNKNOWN,0.0,[],True
/home/thunderboltdy/ai-stocks/python-ai-service/lightning_logs/version_71/events.out.tfevents.1764518474.DESKTOP-NG55VN2.9688.0,lightning_logs/version_71/events.out.tfevents.1764518474.DESKTOP-NG55VN2.9688.0,events.out.tfevents.1764518474.DESKTOP-NG55VN2.9688.0,.0,OTHER,1551,0.0015,2025-12-14T20:14:33.365872,2025-12-14T20:14:33.365872,UNKNOWN,0.0,[],True
/home/thunderboltdy/ai-stocks/python-ai-service/lightning_logs/version_72/events.out.tfevents.1764518754.DESKTOP-NG55VN2.9764.0,lightning_logs/version_72/events.out.tfevents.1764518754.DESKTOP-NG55VN2.9764.0,events.out.tfevents.1764518754.DESKTOP-NG55VN2.9764.0,.0,OTHER,1551,0.0015,2025-12-14T20:14:33.382395,2025-12-14T20:14:33.382395,UNKNOWN,0.0,[],True
/home/thunderboltdy/ai-stocks/python-ai-service/lightning_logs/version_73/events.out.tfevents.1764518920.DESKTOP-NG55VN2.17556.0,lightning_logs/version_73/events.out.tfevents.1764518920.DESKTOP-NG55VN2.17556.0,events.out.tfevents.1764518920.DESKTOP-NG55VN2.17556.0,.0,OTHER,1551,0.0015,2025-12-14T20:14:33.398919,2025-12-14T20:14:33.398919,UNKNOWN,0.0,[],True
/home/thunderboltdy/ai-stocks/python-ai-service/lightning_logs/version_74/events.out.tfevents.1764519557.DESKTOP-NG55VN2.16428.0,lightning_logs/version_74/events.out.tfevents.1764519557.DESKTOP-NG55VN2.16428.0,events.out.tfevents.1764519557.DESKTOP-NG55VN2.16428.0,.0,OTHER,1551,0.0015,2025-12-14T20:14:33.415442,2025-12-14T20:14:33.415442,UNKNOWN,0.0,[],True
/home/thunderboltdy/ai-stocks/python-ai-service/lightning_logs/version_75/events.out.tfevents.1764520384.DESKTOP-NG55VN2.18468.0,lightning_logs/version_75/events.out.tfevents.1764520384.DESKTOP-NG55VN2.18468.0,events.out.tfevents.1764520384.DESKTOP-NG55VN2.18468.0,.0,OTHER,1551,0.0015,2025-12-14T20:14:33.436096,2025-12-14T20:14:33.436096,UNKNOWN,0.0,[],True
/home/thunderboltdy/ai-stocks/python-ai-service/lightning_logs/version_76/events.out.tfevents.1764520520.DESKTOP-NG55VN2.20300.0,lightning_logs/version_76/events.out.tfevents.1764520520.DESKTOP-NG55VN2.20300.0,events.out.tfevents.1764520520.DESKTOP-NG55VN2.20300.0,.0,OTHER,1551,0.0015,2025-12-14T20:14:33.452619,2025-12-14T20:14:33.452619,UNKNOWN,0.0,[],True
/home/thunderboltdy/ai-stocks/python-ai-service/lightning_logs/version_77/events.out.tfevents.1764521063.DESKTOP-NG55VN2.9720.0,lightning_logs/version_77/events.out.tfevents.1764521063.DESKTOP-NG55VN2.9720.0,events.out.tfevents.1764521063.DESKTOP-NG55VN2.9720.0,.0,OTHER,1551,0.0015,2025-12-14T20:14:33.469143,2025-12-14T20:14:33.469143,UNKNOWN,0.0,[],True
/home/thunderboltdy/ai-stocks/python-ai-service/lightning_logs/version_78/events.out.tfevents.1764521405.DESKTOP-NG55VN2.3224.0,lightning_logs/version_78/events.out.tfevents.1764521405.DESKTOP-NG55VN2.3224.0,events.out.tfevents.1764521405.DESKTOP-NG55VN2.3224.0,.0,OTHER,1551,0.0015,2025-12-14T20:14:33.485666,2025-12-14T20:14:33.485666,UNKNOWN,0.0,[],True
/home/thunderboltdy/ai-stocks/python-ai-service/lightning_logs/version_79/events.out.tfevents.1764523588.DESKTOP-NG55VN2.9244.0,lightning_logs/version_79/events.out.tfevents.1764523588.DESKTOP-NG55VN2.9244.0,events.out.tfevents.1764523588.DESKTOP-NG55VN2.9244.0,.0,OTHER,1551,0.0015,2025-12-14T20:14:33.506320,2025-12-14T20:14:33.506320,UNKNOWN,0.0,[],True
/home/thunderboltdy/ai-stocks/python-ai-service/lightning_logs/version_8/events.out.tfevents.1764101831.DESKTOP-NG55VN2.5712.1,lightning_logs/version_8/events.out.tfevents.1764101831.DESKTOP-NG55VN2.5712.1,events.out.tfevents.1764101831.DESKTOP-NG55VN2.5712.1,.1,OTHER,33467,0.0319,2025-12-14T20:14:33.518713,2025-12-14T20:14:33.518713,UNKNOWN,0.0,[],True
/home/thunderboltdy/ai-stocks/python-ai-service/lightning_logs/version_80/events.out.tfevents.1764524426.DESKTOP-NG55VN2.20136.0,lightning_logs/version_80/events.out.tfevents.1764524426.DESKTOP-NG55VN2.20136.0,events.out.tfevents.1764524426.DESKTOP-NG55VN2.20136.0,.0,OTHER,1551,0.0015,2025-12-14T20:14:33.543498,2025-12-14T20:14:33.543498,UNKNOWN,0.0,[],True
/home/thunderboltdy/ai-stocks/python-ai-service/lightning_logs/version_81/events.out.tfevents.1764524609.DESKTOP-NG55VN2.19492.0,lightning_logs/version_81/events.out.tfevents.1764524609.DESKTOP-NG55VN2.19492.0,events.out.tfevents.1764524609.DESKTOP-NG55VN2.19492.0,.0,OTHER,1551,0.0015,2025-12-14T20:14:33.560021,2025-12-14T20:14:33.560021,UNKNOWN,0.0,[],True
/home/thunderboltdy/ai-stocks/python-ai-service/lightning_logs/version_82/events.out.tfevents.1764524965.DESKTOP-NG55VN2.17788.0,lightning_logs/version_82/events.out.tfevents.1764524965.DESKTOP-NG55VN2.17788.0,events.out.tfevents.1764524965.DESKTOP-NG55VN2.17788.0,.0,OTHER,1551,0.0015,2025-12-14T20:14:33.580675,2025-12-14T20:14:33.580675,UNKNOWN,0.0,[],True
/home/thunderboltdy/ai-stocks/python-ai-service/lightning_logs/version_83/events.out.tfevents.1764535149.DESKTOP-NG55VN2.25796.0,lightning_logs/version_83/events.out.tfevents.1764535149.DESKTOP-NG55VN2.25796.0,events.out.tfevents.1764535149.DESKTOP-NG55VN2.25796.0,.0,OTHER,1551,0.0015,2025-12-14T20:14:33.597198,2025-12-14T20:14:33.597198,UNKNOWN,0.0,[],True
/home/thunderboltdy/ai-stocks/python-ai-service/lightning_logs/version_84/events.out.tfevents.1764539062.DESKTOP-NG55VN2.1144.0,lightning_logs/version_84/events.out.tfevents.1764539062.DESKTOP-NG55VN2.1144.0,events.out.tfevents.1764539062.DESKTOP-NG55VN2.1144.0,.0,OTHER,1551,0.0015,2025-12-14T20:14:33.617852,2025-12-14T20:14:33.617852,UNKNOWN,0.0,[],True
/home/thunderboltdy/ai-stocks/python-ai-service/lightning_logs/version_85/events.out.tfevents.1764539277.DESKTOP-NG55VN2.27420.0,lightning_logs/version_85/events.out.tfevents.1764539277.DESKTOP-NG55VN2.27420.0,events.out.tfevents.1764539277.DESKTOP-NG55VN2.27420.0,.0,OTHER,1551,0.0015,2025-12-14T20:14:33.634376,2025-12-14T20:14:33.634376,UNKNOWN,0.0,[],True
/home/thunderboltdy/ai-stocks/python-ai-service/lightning_logs/version_86/events.out.tfevents.1764539542.DESKTOP-NG55VN2.25020.0,lightning_logs/version_86/events.out.tfevents.1764539542.DESKTOP-NG55VN2.25020.0,events.out.tfevents.1764539542.DESKTOP-NG55VN2.25020.0,.0,OTHER,1551,0.0015,2025-12-14T20:14:33.655030,2025-12-14T20:14:33.655030,UNKNOWN,0.0,[],True
/home/thunderboltdy/ai-stocks/python-ai-service/lightning_logs/version_87/events.out.tfevents.1764539702.DESKTOP-NG55VN2.25556.0,lightning_logs/version_87/events.out.tfevents.1764539702.DESKTOP-NG55VN2.25556.0,events.out.tfevents.1764539702.DESKTOP-NG55VN2.25556.0,.0,OTHER,1551,0.0015,2025-12-14T20:14:33.671553,2025-12-14T20:14:33.671553,UNKNOWN,0.0,[],True
/home/thunderboltdy/ai-stocks/python-ai-service/lightning_logs/version_88/events.out.tfevents.1764539820.DESKTOP-NG55VN2.26424.0,lightning_logs/version_88/events.out.tfevents.1764539820.DESKTOP-NG55VN2.26424.0,events.out.tfevents.1764539820.DESKTOP-NG55VN2.26424.0,.0,OTHER,1551,0.0015,2025-12-14T20:14:33.688076,2025-12-14T20:14:33.688076,UNKNOWN,0.0,[],True
/home/thunderboltdy/ai-stocks/python-ai-service/lightning_logs/version_89/events.out.tfevents.1764540162.DESKTOP-NG55VN2.19652.0,lightning_logs/version_89/events.out.tfevents.1764540162.DESKTOP-NG55VN2.19652.0,events.out.tfevents.1764540162.DESKTOP-NG55VN2.19652.0,.0,OTHER,1551,0.0015,2025-12-14T20:14:33.704600,2025-12-14T20:14:33.704600,UNKNOWN,0.0,[],True
/home/thunderboltdy/ai-stocks/python-ai-service/lightning_logs/version_9/events.out.tfevents.1764106362.DESKTOP-NG55VN2.7248.1,lightning_logs/version_9/events.out.tfevents.1764106362.DESKTOP-NG55VN2.7248.1,events.out.tfevents.1764106362.DESKTOP-NG55VN2.7248.1,.1,OTHER,33467,0.0319,2025-12-14T20:14:33.721123,2025-12-14T20:14:33.721123,UNKNOWN,0.0,[],True
/home/thunderboltdy/ai-stocks/python-ai-service/lightning_logs/version_90/events.out.tfevents.1764540797.DESKTOP-NG55VN2.15392.0,lightning_logs/version_90/events.out.tfevents.1764540797.DESKTOP-NG55VN2.15392.0,events.out.tfevents.1764540797.DESKTOP-NG55VN2.15392.0,.0,OTHER,1551,0.0015,2025-12-14T20:14:33.750039,2025-12-14T20:14:33.750039,UNKNOWN,0.0,[],True
/home/thunderboltdy/ai-stocks/python-ai-service/lightning_logs/version_91/events.out.tfevents.1764618832.DESKTOP-NG55VN2.18680.0,lightning_logs/version_91/events.out.tfevents.1764618832.DESKTOP-NG55VN2.18680.0,events.out.tfevents.1764618832.DESKTOP-NG55VN2.18680.0,.0,OTHER,1551,0.0015,2025-12-14T20:14:33.762431,2025-12-14T20:14:33.762431,UNKNOWN,0.0,[],True
/home/thunderboltdy/ai-stocks/python-ai-service/lightning_logs/version_92/events.out.tfevents.1764620936.DESKTOP-NG55VN2.10712.0,lightning_logs/version_92/events.out.tfevents.1764620936.DESKTOP-NG55VN2.10712.0,events.out.tfevents.1764620936.DESKTOP-NG55VN2.10712.0,.0,OTHER,1551,0.0015,2025-12-14T20:14:33.778955,2025-12-14T20:14:33.778955,UNKNOWN,0.0,[],True
/home/thunderboltdy/ai-stocks/python-ai-service/lightning_logs/version_93/events.out.tfevents.1764621306.DESKTOP-NG55VN2.14828.0,lightning_logs/version_93/events.out.tfevents.1764621306.DESKTOP-NG55VN2.14828.0,events.out.tfevents.1764621306.DESKTOP-NG55VN2.14828.0,.0,OTHER,1551,0.0015,2025-12-14T20:14:33.795478,2025-12-14T20:14:33.795478,UNKNOWN,0.0,[],True
/home/thunderboltdy/ai-stocks/python-ai-service/lightning_logs/version_94/events.out.tfevents.1764621578.DESKTOP-NG55VN2.15420.0,lightning_logs/version_94/events.out.tfevents.1764621578.DESKTOP-NG55VN2.15420.0,events.out.tfevents.1764621578.DESKTOP-NG55VN2.15420.0,.0,OTHER,1551,0.0015,2025-12-14T20:14:33.812001,2025-12-14T20:14:33.812001,UNKNOWN,0.0,[],True
/home/thunderboltdy/ai-stocks/python-ai-service/lightning_logs/version_95/events.out.tfevents.1764621808.DESKTOP-NG55VN2.17288.0,lightning_logs/version_95/events.out.tfevents.1764621808.DESKTOP-NG55VN2.17288.0,events.out.tfevents.1764621808.DESKTOP-NG55VN2.17288.0,.0,OTHER,1551,0.0015,2025-12-14T20:14:33.832655,2025-12-14T20:14:33.832655,UNKNOWN,0.0,[],True
/home/thunderboltdy/ai-stocks/python-ai-service/lightning_logs/version_96/events.out.tfevents.1764622133.DESKTOP-NG55VN2.17252.0,lightning_logs/version_96/events.out.tfevents.1764622133.DESKTOP-NG55VN2.17252.0,events.out.tfevents.1764622133.DESKTOP-NG55VN2.17252.0,.0,OTHER,1551,0.0015,2025-12-14T20:14:33.853310,2025-12-14T20:14:33.853310,UNKNOWN,0.0,[],True
/home/thunderboltdy/ai-stocks/python-ai-service/lightning_logs/version_97/events.out.tfevents.1764622629.DESKTOP-NG55VN2.6132.0,lightning_logs/version_97/events.out.tfevents.1764622629.DESKTOP-NG55VN2.6132.0,events.out.tfevents.1764622629.DESKTOP-NG55VN2.6132.0,.0,OTHER,1551,0.0015,2025-12-14T20:14:33.869833,2025-12-14T20:14:33.869833,UNKNOWN,0.0,[],True
/home/thunderboltdy/ai-stocks/python-ai-service/lightning_logs/version_98/events.out.tfevents.1764622931.DESKTOP-NG55VN2.12844.0,lightning_logs/version_98/events.out.tfevents.1764622931.DESKTOP-NG55VN2.12844.0,events.out.tfevents.1764622931.DESKTOP-NG55VN2.12844.0,.0,OTHER,1551,0.0015,2025-12-14T20:14:33.886356,2025-12-14T20:14:33.886356,UNKNOWN,0.0,[],True
/home/thunderboltdy/ai-stocks/python-ai-service/lightning_logs/version_99/events.out.tfevents.1764624500.DESKTOP-NG55VN2.2200.0,lightning_logs/version_99/events.out.tfevents.1764624500.DESKTOP-NG55VN2.2200.0,events.out.tfevents.1764624500.DESKTOP-NG55VN2.2200.0,.0,OTHER,1551,0.0015,2025-12-14T20:14:33.902879,2025-12-14T20:14:33.902879,UNKNOWN,0.0,[],True
/home/thunderboltdy/ai-stocks/python-ai-service/models/lstm_transformer_paper.py,models/lstm_transformer_paper.py,lstm_transformer_paper.py,.py,PYTHON_SOURCE,27023,0.0258,2025-12-19T20:29:27.784680,2025-12-19T20:29:27.784680,UNKNOWN,0.0,[],True
/home/thunderboltdy/ai-stocks/python-ai-service/models/patchtst.py,models/patchtst.py,patchtst.py,.py,PYTHON_SOURCE,28194,0.0269,2025-12-19T20:38:22.404869,2025-12-19T20:38:22.404869,UNKNOWN,0.0,[],True
/home/thunderboltdy/ai-stocks/python-ai-service/models/quantile_regressor.py,models/quantile_regressor.py,quantile_regressor.py,.py,PYTHON_SOURCE,20226,0.0193,2025-12-14T20:14:33.977235,2025-12-14T20:14:33.977235,UNKNOWN,0.0,[],True
/home/thunderboltdy/ai-stocks/python-ai-service/plots/gbm_calibration_lgb_AAPL.png,plots/gbm_calibration_lgb_AAPL.png,gbm_calibration_lgb_AAPL.png,.png,OTHER,73978,0.0706,2025-12-14T20:14:34.088767,2025-12-14T20:14:34.088767,UNKNOWN,0.0,[],True
/home/thunderboltdy/ai-stocks/python-ai-service/plots/gbm_calibration_xgb_AAPL.png,plots/gbm_calibration_xgb_AAPL.png,gbm_calibration_xgb_AAPL.png,.png,OTHER,77141,0.0736,2025-12-14T20:14:34.092898,2025-12-14T20:14:34.092898,UNKNOWN,0.0,[],True
/home/thunderboltdy/ai-stocks/python-ai-service/plots/gbm_distribution_lgb_AAPL.png,plots/gbm_distribution_lgb_AAPL.png,gbm_distribution_lgb_AAPL.png,.png,OTHER,191307,0.1824,2025-12-14T20:14:34.097028,2025-12-14T20:14:34.097028,UNKNOWN,0.0,[],True
/home/thunderboltdy/ai-stocks/python-ai-service/plots/gbm_distribution_xgb_AAPL.png,plots/gbm_distribution_xgb_AAPL.png,gbm_distribution_xgb_AAPL.png,.png,OTHER,203036,0.1936,2025-12-14T20:14:34.101159,2025-12-14T20:14:34.101159,UNKNOWN,0.0,[],True
/home/thunderboltdy/ai-stocks/python-ai-service/plots/shap_dependence_top3_lgb_AAPL.png,plots/shap_dependence_top3_lgb_AAPL.png,shap_dependence_top3_lgb_AAPL.png,.png,OTHER,74064,0.0706,2025-12-14T20:14:34.105290,2025-12-14T20:14:34.105290,UNKNOWN,0.0,[],True
/home/thunderboltdy/ai-stocks/python-ai-service/plots/shap_dependence_top3_xgb_AAPL.png,plots/shap_dependence_top3_xgb_AAPL.png,shap_dependence_top3_xgb_AAPL.png,.png,OTHER,136543,0.1302,2025-12-14T20:14:34.109421,2025-12-14T20:14:34.109421,UNKNOWN,0.0,[],True
/home/thunderboltdy/ai-stocks/python-ai-service/plots/shap_summary_lgb_AAPL.png,plots/shap_summary_lgb_AAPL.png,shap_summary_lgb_AAPL.png,.png,OTHER,146810,0.14,2025-12-14T20:14:34.113552,2025-12-14T20:14:34.113552,UNKNOWN,0.0,[],True
/home/thunderboltdy/ai-stocks/python-ai-service/plots/shap_summary_xgb_AAPL.png,plots/shap_summary_xgb_AAPL.png,shap_summary_xgb_AAPL.png,.png,OTHER,162136,0.1546,2025-12-14T20:14:34.117683,2025-12-14T20:14:34.117683,UNKNOWN,0.0,[],True
/home/thunderboltdy/ai-stocks/python-ai-service/service/model_registry.py,service/model_registry.py,model_registry.py,.py,PYTHON_SOURCE,6103,0.0058,2025-12-14T20:14:34.993418,2025-12-14T20:14:34.993418,UNKNOWN,0.0,[],True
/home/thunderboltdy/ai-stocks/python-ai-service/service/prediction_service.py,service/prediction_service.py,prediction_service.py,.py,PYTHON_SOURCE,49329,0.047,2025-12-14T20:14:34.997549,2025-12-14T20:14:34.997549,UNKNOWN,0.0,[],True
/home/thunderboltdy/ai-stocks/python-ai-service/training/rolling_cv.py,training/rolling_cv.py,rolling_cv.py,.py,PYTHON_SOURCE,17977,0.0171,2025-12-15T16:26:43.011228,2025-12-15T16:26:43.011228,UNKNOWN,0.0,[],True
/home/thunderboltdy/ai-stocks/python-ai-service/training_logs/optuna/AAPL_gbm_20251215_134512_optimization.png,training_logs/optuna/AAPL_gbm_20251215_134512_optimization.png,AAPL_gbm_20251215_134512_optimization.png,.png,OTHER,223510,0.2132,2025-12-15T13:46:06.026108,2025-12-15T13:46:06.026108,UNKNOWN,0.0,[],True
/home/thunderboltdy/ai-stocks/python-ai-service/training_logs/optuna/AAPL_gbm_20251217_141049_optimization.png,training_logs/optuna/AAPL_gbm_20251217_141049_optimization.png,AAPL_gbm_20251217_141049_optimization.png,.png,OTHER,773688,0.7378,2025-12-17T14:15:02.999654,2025-12-17T14:15:02.999654,UNKNOWN,0.0,[],True
/home/thunderboltdy/ai-stocks/python-ai-service/training_logs/optuna/HOOD_gbm_20251215_170357_optimization.png,training_logs/optuna/HOOD_gbm_20251215_170357_optimization.png,HOOD_gbm_20251215_170357_optimization.png,.png,OTHER,592225,0.5648,2025-12-15T17:06:43.544179,2025-12-15T17:06:43.544179,UNKNOWN,0.0,[],True
/home/thunderboltdy/ai-stocks/python-ai-service/training_logs/optuna/HOOD_gbm_20251215_181137_optimization.png,training_logs/optuna/HOOD_gbm_20251215_181137_optimization.png,HOOD_gbm_20251215_181137_optimization.png,.png,OTHER,586446,0.5593,2025-12-15T18:13:40.344032,2025-12-15T18:13:40.344032,UNKNOWN,0.0,[],True
